{"schemaVersion":"1.0","appDefinitionTemplate":{"id":"/providers/Microsoft.PowerApps/apps/","type":"Microsoft.PowerApps/apps","tags":{"primaryDeviceWidth":"1366","primaryDeviceHeight":"768","supportsPortrait":"true","supportsLandscape":"true","primaryFormFactor":"Tablet","showStatusBar":"false","publisherVersion":"3.25071.7","minimumRequiredApiVersion":"2.2.0","hasComponent":"false","hasUnlockedComponent":"false","isUnifiedRootApp":"false","sienaVersion":"20250722T052215Z-3.25071.7.0","coauthoringEnabled":"true","multipleWritersEnabled":"true","acceptedCoauthoringTerms":"true"},"properties":{"appVersion":"2025-07-22T05:22:15Z","lifeCycleId":"Published","createdByClientVersion":{"major":3,"minor":25071,"build":7,"revision":0,"majorRevision":0,"minorRevision":0},"minClientVersion":{"major":3,"minor":25071,"build":7,"revision":0,"majorRevision":0,"minorRevision":0},"backgroundColor":"RGBA(0,176,240,1)","backgroundImageUri":"/5439472963152995344/Nba0e83f9-9b80-492b-95c4-0d5ec4712882-logoSmallFile","displayName":"Smart Loan Tracker App","description":"","commitMessage":"","appUris":{"documentUri":{"value":"/5439472963152995344/N2bc13382-c008-4236-b195-1b18f4efeeee-document.msapp"},"imageUris":[],"additionalUris":[{"isSolutionAware":false,"value":"/5439472963152995344/N85dd6dfc-9dc9-4634-be5a-8345e7df308a-identity.json"}]},"createdTime":"0001-01-01T00:00:00Z","lastModifiedTime":"0001-01-01T00:00:00Z","sharedGroupsCount":0,"sharedUsersCount":0,"connectionReferences":{"2bfb8c74-21c0-4e42-aa69-3ed7241dadda":{"id":"3ad544b0-8f9d-4f3b-8513-5a2d0a257078","displayName":"SharePoint","iconUri":"https://conn-afd-prod-endpoint-bmc9bqahasf3grgk.b01.azurefd.net/v1.0.1754/1.0.1754.4231/sharepointonline/icon.png","dataSources":["ManagerCredentials","Customer Login Credentials","LoanApplications","Loan Summary","Transaction History","Options","LoanStatus","My Loan","ProfileList"],"dependencies":[],"dependents":[],"parameterHints":{},"parameterHintsV2":{},"isOnPremiseConnection":false,"bypassConsent":false,"dataSets":{"https://labskraft27.sharepoint.com/sites/SmartLoanTracker":{"dataSources":{"ManagerCredentials":{"tableName":"0d15f2e0-4331-40ec-b845-576833c607bc"},"Customer Login Credentials":{"tableName":"bf734863-a3e2-4ba3-9243-0752a0679211"},"LoanApplications":{"tableName":"d55e67db-6ad3-4bdd-84d2-a7833a640446"},"Loan Summary":{"tableName":"a6876175-5157-4b16-aeee-3d04f98c785d"},"Transaction History":{"tableName":"6e1cbbdf-2893-45cd-876e-2ba582350d89"},"LoanStatus":{"tableName":"d198d0d8-4cce-40a8-b566-4bd7d56efa92"},"My Loan":{"tableName":"30f7a110-e256-4524-83e8-5d59d7240d1a"},"ProfileList":{"tableName":"4989f327-fe7c-4585-a916-df8f6c0fdb42"}}}},"apiTier":"Standard","isCustomApiConnection":false,"actions":["providers/PowerPlatform.Governance/Operations/Read","providers/PowerPlatform.Governance/Operations/Write"]}},"databaseReferences":{},"almMode":"Environment","performanceOptimizationEnabled":true,"canConsumeAppPass":true,"enableModernRuntimeMode":false,"executionRestrictions":{"isTeamsOnly":false,"dataLossPreventionEvaluationResult":{"status":"Compliant","lastEvaluationDate":"2025-07-13T09:06:57.9472733Z","violations":[],"violationsByPolicy":[],"violationErrorMessage":"The app uses the following connectors: ."}}},"isAppComponentLibrary":false,"appType":"ClassicCanvasApp","appComponents":[]}}