{"schemaVersion":"1.0","appDefinitionTemplate":{"id":"/providers/Microsoft.PowerApps/apps/","type":"Microsoft.PowerApps/apps","tags":{"primaryDeviceWidth":"1589","primaryDeviceHeight":"639","supportsPortrait":"true","supportsLandscape":"true","primaryFormFactor":"Tablet","showStatusBar":"false","publisherVersion":"3.25063.6","minimumRequiredApiVersion":"2.2.0","hasComponent":"false","hasUnlockedComponent":"false","isUnifiedRootApp":"false","sienaVersion":"20250630T121124Z-3.25063.6.0"},"properties":{"appVersion":"2025-06-30T12:11:24Z","lifeCycleId":"Published","createdByClientVersion":{"major":3,"minor":25063,"build":6,"revision":0,"majorRevision":0,"minorRevision":0},"minClientVersion":{"major":3,"minor":25063,"build":6,"revision":0,"majorRevision":0,"minorRevision":0},"backgroundColor":"RGBA(0,176,240,1)","backgroundImageUri":"/11008145627337254186/N98d3b9e7-6187-4986-9180-385c9f19a6f5-logoSmallFile","displayName":"Inventory Management","description":"","commitMessage":"","appUris":{"documentUri":{"value":"/11008145627337254186/Ncdc0748d-6d97-42ab-9541-5bdeac52e3a7-document.msapp"},"imageUris":[],"additionalUris":[{"isSolutionAware":false,"value":"/11008145627337254186/N4a568f7c-f04d-424a-83b2-95af505ba814-identity.json"}]},"createdTime":"0001-01-01T00:00:00Z","lastModifiedTime":"0001-01-01T00:00:00Z","sharedGroupsCount":0,"sharedUsersCount":0,"connectionReferences":{"cf0ff4c0-6a4b-4f21-aede-3bad8181f35e":{"id":"3ad544b0-8f9d-4f3b-8513-5a2d0a257078","displayName":"SharePoint","iconUri":"https://conn-afd-prod-endpoint-bmc9bqahasf3grgk.b01.azurefd.net/v1.0.1754/1.0.1754.4231/sharepointonline/icon.png","dataSources":["Inventory Management Form","Inventory Management Form_1"],"dependencies":[],"dependents":[],"parameterHints":{},"parameterHintsV2":{},"isOnPremiseConnection":false,"bypassConsent":false,"dataSets":{"https://labskraft27.sharepoint.com/sites/DEVELOPMENT":{"dataSources":{"Inventory Management Form":{"tableName":"a206b03d-2d9e-4497-9c73-817dcf8cd825"},"Inventory Management Form_1":{"tableName":"a206b03d-2d9e-4497-9c73-817dcf8cd825"}}}},"apiTier":"Standard","isCustomApiConnection":false}},"databaseReferences":{},"almMode":"Environment","performanceOptimizationEnabled":true,"canConsumeAppPass":true,"enableModernRuntimeMode":false,"executionRestrictions":{"isTeamsOnly":false,"dataLossPreventionEvaluationResult":{"status":"Compliant","lastEvaluationDate":"2025-06-30T09:20:27.1801235Z","violations":[],"violationsByPolicy":[],"violationErrorMessage":"The app uses the following connectors: ."}}},"isAppComponentLibrary":false,"appType":"ClassicCanvasApp","appComponents":[]}}