{"schemaVersion":"1.0","appDefinitionTemplate":{"id":"/providers/Microsoft.PowerApps/apps/","type":"Microsoft.PowerApps/apps","tags":{"primaryDeviceWidth":"640","primaryDeviceHeight":"1136","supportsPortrait":"true","supportsLandscape":"true","primaryFormFactor":"Phone","showStatusBar":"false","publisherVersion":"3.25065.7","minimumRequiredApiVersion":"2.2.0","hasComponent":"false","hasUnlockedComponent":"false","isUnifiedRootApp":"false","sienaVersion":"20250714T110531Z-3.25065.7.0"},"properties":{"appVersion":"2025-07-14T12:13:43Z","lifeCycleId":"Published","createdByClientVersion":{"major":3,"minor":25065,"build":7,"revision":0,"majorRevision":0,"minorRevision":0},"minClientVersion":{"major":3,"minor":25065,"build":7,"revision":0,"majorRevision":0,"minorRevision":0},"backgroundColor":"RGBA(0,176,240,1)","backgroundImageUri":"/4917127736618745933/Ne866bfe8-6539-4133-b622-83b5adbe0283-logoSmallFile","displayName":"EventManagerApp","commitMessage":"","appUris":{"documentUri":{"value":"/4917127736618745933/N95df8351-b37a-43b7-be06-cc1d594de308-document.msapp"},"imageUris":[],"additionalUris":[{"isSolutionAware":false,"value":"/4917127736618745933/N16f80f36-f511-4954-8f69-6de2d7805c0e-identity.json"}]},"createdTime":"0001-01-01T00:00:00Z","lastModifiedTime":"0001-01-01T00:00:00Z","sharedGroupsCount":0,"sharedUsersCount":0,"connectionReferences":{"a39e8b1e-8ef3-4ff2-bfa6-8f2777ba8f7a":{"id":"3ad544b0-8f9d-4f3b-8513-5a2d0a257078","displayName":"SharePoint","iconUri":"https://conn-afd-prod-endpoint-bmc9bqahasf3grgk.b01.azurefd.net/v1.0.1754/1.0.1754.4231/sharepointonline/icon.png","dataSources":["Events","RSVPs"],"dependencies":[],"dependents":[],"parameterHints":{},"parameterHintsV2":{},"isOnPremiseConnection":false,"bypassConsent":false,"dataSets":{"https://labskraft27.sharepoint.com/sites/EventOrganisation":{"dataSources":{"Events":{"tableName":"e8762002-e179-4d41-8f13-304f831b3f9e"},"RSVPs":{"tableName":"8654d526-27e5-485b-bee0-c3a3e20d8cdc"}}}},"apiTier":"Standard","isCustomApiConnection":false,"actions":["providers/PowerPlatform.Governance/Operations/Read","providers/PowerPlatform.Governance/Operations/Write"]}},"databaseReferences":{},"almMode":"Environment","performanceOptimizationEnabled":true,"canConsumeAppPass":true,"enableModernRuntimeMode":false,"executionRestrictions":{"isTeamsOnly":false,"dataLossPreventionEvaluationResult":{"status":"Compliant","lastEvaluationDate":"2025-07-12T06:14:26.431671Z","violations":[],"violationsByPolicy":[],"violationErrorMessage":"The app uses the following connectors: ."}}},"isAppComponentLibrary":false,"appType":"ClassicCanvasApp","appComponents":[]}}