{"schemaVersion":"1.0","appDefinitionTemplate":{"id":"/providers/Microsoft.PowerApps/apps/","type":"Microsoft.PowerApps/apps","tags":{"primaryDeviceWidth":"1366","primaryDeviceHeight":"768","supportsPortrait":"false","supportsLandscape":"true","primaryFormFactor":"Tablet","showStatusBar":"false","publisherVersion":"3.25065.7","minimumRequiredApiVersion":"2.2.0","hasComponent":"false","hasUnlockedComponent":"false","isUnifiedRootApp":"false","sienaVersion":"20250710T152009Z-3.25065.7.0"},"properties":{"appVersion":"2025-07-10T15:20:09Z","lifeCycleId":"Published","createdByClientVersion":{"major":3,"minor":25065,"build":7,"revision":0,"majorRevision":0,"minorRevision":0},"minClientVersion":{"major":3,"minor":25065,"build":7,"revision":0,"majorRevision":0,"minorRevision":0},"backgroundColor":"rgba(0, 176, 240, 1)","backgroundImageUri":"/5510083406155888192/Naaaf097f-eb37-452d-b6eb-31e7b4171f74-logoSmallFile","displayName":"Leave Request_1215","description":"Submit a vacation request for manager approval. Select date ranges, add notes and manage your time off.","commitMessage":"","appUris":{"documentUri":{"value":"/5510083406155888192/N443f839f-785d-4f2e-90b6-f88db2ec56a0-document.msapp"},"imageUris":[],"additionalUris":[{"isSolutionAware":false,"value":"/5510083406155888192/Nea5f9019-339d-4196-a97b-70e5af9d5280-identity.json"}]},"createdTime":"0001-01-01T00:00:00Z","lastModifiedTime":"0001-01-01T00:00:00Z","sharedGroupsCount":0,"sharedUsersCount":0,"connectionReferences":{"6f72918a-7921-fa64-14bf-78187ad1b172":{"id":"2ed61ff5-2414-4ca0-a864-661da01cde44","displayName":"Office 365 Users","iconUri":"https://conn-afd-prod-endpoint-bmc9bqahasf3grgk.b01.azurefd.net/v1.0.1751/1.0.1751.4213/office365users/icon.png","dataSources":["Office365Users"],"dependencies":[],"dependents":[],"parameterHints":{},"parameterHintsV2":{},"isOnPremiseConnection":false,"bypassConsent":false,"dataSets":{},"apiTier":"Standard","isCustomApiConnection":false,"actions":["MyProfile","Manager","UserPhotoMetadata","UserPhoto","UserProfile","SearchUser"]},"12f73af9-777f-4fd4-a512-da2f66fd7501":{"id":"b6fb139c-34a6-4297-886d-fd9864ddda57","displayName":"Office 365 Outlook","iconUri":"https://conn-afd-prod-endpoint-bmc9bqahasf3grgk.b01.azurefd.net/v1.0.1757/1.0.1757.4253/office365/icon.png","dataSources":["Office365"],"dependencies":[],"dependents":[],"parameterHints":{},"parameterHintsV2":{},"isOnPremiseConnection":false,"bypassConsent":false,"dataSets":{},"apiTier":"Standard","isCustomApiConnection":false,"actions":["SendEmailV2"]}},"databaseReferences":{},"almMode":"Environment","performanceOptimizationEnabled":true,"canConsumeAppPass":true,"enableModernRuntimeMode":false,"executionRestrictions":{"isTeamsOnly":false,"dataLossPreventionEvaluationResult":{"status":"Compliant","lastEvaluationDate":"2025-06-30T12:17:14.195214Z","violations":[],"violationsByPolicy":[],"violationErrorMessage":"The app uses the following connectors: shared_office365users, shared_office365."}}},"isAppComponentLibrary":false,"appType":"ClassicCanvasApp","appComponents":[]}}