{"schemaVersion":"1.0","appDefinitionTemplate":{"id":"/providers/Microsoft.PowerApps/apps/","type":"Microsoft.PowerApps/apps","tags":{"primaryDeviceWidth":"1366","primaryDeviceHeight":"768","supportsPortrait":"true","supportsLandscape":"true","primaryFormFactor":"Tablet","publisherVersion":"3.25064.3","minimumRequiredApiVersion":"2.2.0","hasComponent":"false","hasUnlockedComponent":"false","isUnifiedRootApp":"false","sienaVersion":"20250702T043304Z-3.25064.3.0","showStatusBar":"false"},"properties":{"appVersion":"2025-07-02T04:33:04Z","lifeCycleId":"Published","createdByClientVersion":{"major":3,"minor":25064,"build":3,"revision":0,"majorRevision":0,"minorRevision":0},"minClientVersion":{"major":3,"minor":25064,"build":3,"revision":0,"majorRevision":0,"minorRevision":0},"backgroundColor":"RGBA(0,176,240,1)","backgroundImageUri":"/16166725722210772470/N0e911109-807c-4274-93ee-780416b5fc12-logoSmallFile","displayName":"New Team Request","description":"","commitMessage":"","appUris":{"documentUri":{"value":"/16166725722210772470/N6bda6a62-82a7-4c86-ab9d-d951d7a61fcc-document.msapp"},"imageUris":[],"additionalUris":[{"isSolutionAware":false,"value":"/16166725722210772470/Nea46362a-706d-4806-b7fc-68e407a976f6-identity.json"}]},"createdTime":"0001-01-01T00:00:00Z","lastModifiedTime":"0001-01-01T00:00:00Z","sharedGroupsCount":0,"sharedUsersCount":0,"connectionReferences":{"f76bf883-e066-43f9-9ef0-afd5748b2c4c":{"id":"2ed61ff5-2414-4ca0-a864-661da01cde44","displayName":"Office 365 Users","iconUri":"https://conn-afd-prod-endpoint-bmc9bqahasf3grgk.b01.azurefd.net/v1.0.1751/1.0.1751.4213/office365users/icon.png","dataSources":["Office365Users"],"dependencies":[],"dependents":[],"parameterHints":{},"parameterHintsV2":{},"isOnPremiseConnection":false,"bypassConsent":false,"dataSets":{},"apiTier":"Standard","isCustomApiConnection":false,"actions":["SearchUser"]},"2f30ff03-96d7-4d40-aaa1-be62a8f252c4":{"id":"3ad544b0-8f9d-4f3b-8513-5a2d0a257078","displayName":"SharePoint","iconUri":"https://conn-afd-prod-endpoint-bmc9bqahasf3grgk.b01.azurefd.net/v1.0.1754/1.0.1754.4231/sharepointonline/icon.png","dataSources":["SharePointList"],"dependencies":[],"dependents":[],"parameterHints":{},"parameterHintsV2":{},"isOnPremiseConnection":false,"bypassConsent":false,"dataSets":{"https://labskraft27.sharepoint.com/sites/HarshiniK_cr3f4_SharePointSite":{"datasetOverride":{"environmentVariableName":"cr3f4_SharePointSite"},"dataSources":{"SharePointList":{"tableName":"44275993-6f2f-4a3f-a314-e62e007304f4","tableNameOverride":{"environmentVariableName":"cr3f4_SharePointList"}}}}},"apiTier":"Standard","isCustomApiConnection":false,"actions":["providers/PowerPlatform.Governance/Operations/Read","providers/PowerPlatform.Governance/Operations/Write"]}},"databaseReferences":{},"almMode":"Solution","performanceOptimizationEnabled":true,"canConsumeAppPass":true,"enableModernRuntimeMode":false,"executionRestrictions":{"isTeamsOnly":false,"dataLossPreventionEvaluationResult":{"status":"Compliant","lastEvaluationDate":"2025-07-02T04:08:02.1315507Z","violations":[],"violationsByPolicy":[],"violationErrorMessage":"The app uses the following connectors: shared_office365users, shared_sharepointonline."}}},"isAppComponentLibrary":false,"appType":"ClassicCanvasApp","appComponents":[]}}