{"__Version":"0.1","App":"6822fc4c-9e9b-4b4c-b137-78e50164cf8a","Test_7F478737223C4B69":"afa7431f-930c-4f2b-b846-345eb17b4427","Host":"2347a7fe-156c-4b1c-8005-7ba6bd912a07","Step 1 Screen":"82fe323d-682e-47c7-8733-189dd328d16d","Step 1 - Screen Container":"0423f1c0-55ee-4737-9af2-15db088fbc95","Step 1 - Header":"93e81d62-2dc2-41a7-8d5e-c2be9e8154d7","Step 1 - Profile Image":"ddc35857-bbbc-48d6-b596-91e2bad15ef4","Step 1 - Sub Header":"8987b00c-82ad-4eda-af01-2173a9522f6f","Step 1 - Form Container":"90f3a646-de09-4168-8939-f0a199502694","Step 1 - Timeline Container":"209caa58-1eb2-4d91-88b9-99934e3b9ee7","Step 1 - Timeline Gallery":"c06f489b-590d-40be-8425-b82772788ace","galleryTemplate1":"6677123b-a519-47c8-876f-eb4de3ff58c5","Step 1 - Timeline":"4f914ff5-2aa8-49c5-9f0f-a4e43adb416b","Step 1 - Step Title":"2dba6917-f783-4ea5-ba7d-a13dae8639bd","Step 1 - Step Image":"726b0f31-4c48-45cc-881e-57c3c1d2c310","Step 1 - Step Description":"2dcfb5a6-e201-403b-923e-c68226359957","Step 1 - Fields Container":"b9e031c0-fec9-48f0-a608-b21ae447a28c","Step 1 - Title":"ac14a226-62ca-47b1-8dfe-3e6ee175ace2","Step 1 - Team Name Label":"49580966-9198-4d16-9849-444e68b196cc","Step 1 - Team Name TextBox":"3a62729c-eb87-4972-a735-69976d098a08","Step 1 - Team Name Length":"3ee5875b-70b0-4f99-a417-033d48126336","Step 1 - Team Description Label":"96eeb775-211c-4eed-9285-f27db1f6a750","Step 1 - Team Description TextBox":"e2eda0fe-0e30-4be8-9779-6197bb6aa739","Step 1 - Team Description Length":"961e3712-4fb4-48b8-aba0-b2c65a29bce1","Step 1 - Team Kind Label":"c48b2628-e079-4e48-b8dd-f92134142a01","Step 1 - Team Kind RadioGroup":"099d9401-822b-4124-a766-e0a077528f72","Value1_1":"2db02aa0-1435-4651-9693-214b05afa42b","Step 1 - Prev Button":"1d95218b-dff1-4040-9c5f-9112a1c34335","Step 1 - Next Button":"030a7782-5d06-4171-8574-16c7357f7300","Step 1 - Created by":"f9022708-5e5d-4b0e-8c7a-b3c53a2b50c0","Step 2 Screen":"b2e4ec58-18ba-4a7c-9a5e-dd7303eaf0e5","Step 2 - Screen Container":"d95bceef-8911-48cc-95a6-b2bb5870e79e","Step 2 - Header":"c360cc63-c8e9-4dc0-bc3f-3e84558fb5ab","Step 2 - Profile Image":"be331c11-8e1e-4f21-a1c7-ad238f77d1f6","Step 2 - Sub Header":"d61a5214-7691-4dcb-bffc-767bf665324d","Step 2 - Form Container":"a893b674-bed8-467d-a5fc-2f314a15594e","Step 2 - Timeline Container":"a6817239-1b7d-47c1-ba3c-97455764745a","Step 2 - Timeline Gallery":"74dca0f6-d5ac-4158-88bc-c86a1a3dc8e0","Step 2 - Step Title":"299af756-47f1-4fbb-a674-9c2f353a7dbd","galleryTemplate1_1":"1b01558d-c45d-4943-b14a-48a49033cac3","Step 2 - Timeline":"705bd57d-5734-48d3-a7fa-d70cbab3c23d","Step 2 - Step Image":"481f5f7d-1822-42fe-9e50-6f8a04710b08","Step 2 - Step Description":"14242bec-8707-47ae-8321-ae73b4432663","Step 2 - Fields Container":"69cbea29-7200-49ea-987d-12796c48ebde","Step 2 - Title":"e3ac1b79-18f6-416c-a1ee-0fc2296a5c20","Step 2 - Team Members Label":"2b1bc3f9-27ce-4e55-ab16-91c0680661e4","Step 2 - Team Members ComboBox":"d4be6103-325c-434b-8409-3e3fdded90c8","DisplayName1_1":"4d35fb16-6b64-465b-b5f4-eaeacece5cff","UserPrincipalName1_1":"32d421fa-3591-43e2-95eb-e30eee9b9f46","Step 2 - Prev Button":"4f7a70bd-42dd-428d-a743-bd93bcc1ca3d","Step 2 - Next Button":"d387ee12-f870-4591-9f4e-f8fbf937492b","Step 2 - Created by":"fa893892-7d28-4db6-9328-d48acc3ed7cd","Step 4 Screen":"db8743da-6729-4fb0-98b1-12a7249140f4","Step 4 - Screen Container":"e81b271f-7226-4916-9325-a6c8b07ecc78","Step 4 - Header":"99481042-797b-4dfa-8d64-89312337ade2","Step 4 - Profile Image":"d5edc518-b23e-447f-9383-326e4d42f7cb","Step 4 - Sub Header":"4c44ecbe-f4da-4087-b96f-ffdd3ca4f223","Step 4 - Form Container":"6e86b794-1303-4f21-a110-9b6519b2693c","Step 4 - Timeline Container":"7eea0c0a-9474-4481-92ec-c14ed8243881","Step 4 - Timeline Gallery":"e541aec2-3018-4f6a-bfc0-90dd96e21ab3","Step 4 - Step Title":"b227c7be-5640-4e74-8b6a-31fd42c3105f","galleryTemplate1_2":"cb071642-96f8-4dd4-85a4-241c99702514","Step 4 - Timeline":"633f5e84-a811-47b6-aa40-d7d2e02b1053","Step 4 - Step Image":"15bc67ae-77d2-4e63-b04a-055044c2df8e","Step 4 - Step Description":"b60f042f-cae5-408d-9c6c-bd6d6de8f6b9","Step 4 - Fields Container":"bc0d7d94-a9d1-44aa-95a3-c63043694f3c","Step 4 - Title":"2bd2a14f-cfed-4489-9ea4-328545e5895f","Step 4 - Channel 1 Name Label":"4908b81d-f50a-4c1f-a5e4-44f5288bd212","Step 4 - Channel 1 Name TextBox":"daa5082a-5744-4855-a314-697c8cddaa4e","Step 4 - Channel 2 Name Label":"524a0aa2-9e78-4330-8956-d13290a0072f","Step 4 - Channel 2 Name TextBox":"1dc83d50-fffa-4586-b911-fcd3f85a343e","Step 4 - Channel 3 Name Label":"9d4ca092-dc5c-481c-84da-83af6f5ae021","Step 4 - Channel 3 Name TextBox":"182b4626-f4a4-44ea-850c-a565dd18ecca","Step 4 - Channel 1 Length":"67518969-0450-4baf-8390-9425fba89512","Step 4 - Channel 2 Name Length":"47a6bd21-5f1e-42dd-8727-8909004634db","Step 4 - Channel 3 Name Length":"5cca433a-b6e4-47e3-a5df-4c035bacd7d7","Step 4 - Prev Button":"1643e387-cac9-468f-9193-f5579596b44b","Step 4 - Next Button":"a72d8c16-2ceb-4917-96fa-86f30be79627","Step 4 - Created by":"55d0fc27-9daf-4580-af86-01610d2673fe","Step 3 Screen":"3ae1c6ed-09fa-454d-b34d-95c7b4fdf3a5","Step 3 - Screen Container":"5d591cfa-8783-4ec2-9f87-3d06d41bdbe6","Step 3 - Header":"e3827993-550d-4b0c-9879-a7e496389b97","Step 3 - Profile Image":"8b283631-0d51-4d5a-9b91-61fac6dd4166","Step 3 - Sub Header":"a958424d-f84c-4cad-95cf-ab4b8c403a7d","Step 3 - Form Container":"5c944afc-f330-4883-922c-60aaf1ce3402","Step 3 - Timeline Container":"faa42ae8-5d48-4481-b902-d51956f4d69e","Step 3 - Timeline Gallery":"65275bdf-3224-4060-b2af-4153150c5e47","Step 3 - Step Title":"38bcc1a0-7a0b-4990-87e9-58db4f594a01","galleryTemplate1_3":"9c812a9f-21f7-4098-b1c4-a5875ae792d5","Step 3 - Timeline":"9345897b-295b-4091-9206-15e73fc709e1","Step 3 - Step Image":"1e70e1b5-67b2-4208-bf5b-b5e52a46b935","Step 3 - Step Description":"9a659822-944a-43c0-bbef-d6ac6b7b71dc","Step 3 - Fields Container":"7eb29381-107a-4071-9d70-73894ecf6c89","Step 3 - Title":"892c67fe-e432-4b5f-9c4b-7dd2be28e049","Step 3 - Welcome Label":"e880d475-a509-4f2e-b008-76d3481f67cc","Step 3 - Welcome RichTextEditor":"2d9e85eb-5afc-493c-91ba-e38a6c1a9e7f","Step 3 - Prev Button":"6e71e910-9bf9-4deb-bb2f-80c73902738b","Step 3 - Next Button":"887f38d8-ee4a-435c-9b96-f7eef6e2e439","Step 3 - Created by":"4f78b1b7-9422-4f77-b3c5-a9522734388d","Submit Screen":"85b5a95a-0c87-4c78-8253-ae5216ed253e","Submit - Screen Container":"882b84aa-2350-4d0e-a39c-3422c339f9c3","Submit - Header":"553088fe-ee7e-4a92-981b-3a6971265500","Submit - Profile Image":"70fa784c-ed4e-41f0-8bfd-1b6c293b998c","Submit - Sub Header":"bf6aafa3-0c18-49a4-b369-6ec4b4fdfe5b","Submit - Form Container":"bf94d29c-a0ac-45a1-890d-7c58ff3fa779","Submit - Timeline Container":"afc9ab24-45e1-4928-a8ce-513e49c22ac9","Submit - Timeline Gallery":"62924be4-26ab-4922-b4fa-d0e8fd756b64","Submit - Step Title":"2b0b077c-8d6c-450f-bce8-c8bdb63ee9b9","Submit - Step Image":"742fd5e2-d21a-40ed-84a1-e27e7a62f16c","Submit - Step Description":"5b0c5404-5c91-4668-b464-c806e079637b","galleryTemplate1_4":"0df7ae6b-190b-4a35-99f5-11c293a4a5e0","Submit - Timeline":"804dc145-1eb6-4986-a2f0-d53504e23aac","Submit - Fields Container":"fd3f62b5-509d-469a-9804-87189a384d7e","Submit - Title":"79105ca0-4f4b-46f9-bcff-6733046c1097","Submit - Gallery":"4c71300b-24db-4287-b401-1895736b3f28","galleryTemplate3":"11596758-069c-4538-8a9a-90731ace4a34","Submit - Parameter":"a967e3bd-2232-486d-86c4-79d14762c8cf","Submit - Value":"f3ea377c-2a07-4590-b6fd-82f482591f58","Separator1":"7a3b878e-b276-4952-9ced-97f188463a65","Submit - Prev Button":"598fa407-7ee6-46ee-bb54-701421a15662","Submit - Next Button":"e035b05c-031c-4f1e-ac99-685d48d8378a","Submit - Created by":"c93e607b-3104-4a16-a46b-2867d67aadd1","Thank you Screen":"a209cdb0-9045-4e26-97ce-ae8962aa5d6a","Thank you - Screen Container":"f46e10ba-0603-48d9-9ab8-caa651b2f956","Thank you - Header":"cbedbb56-af1c-460a-aa2b-5cec302d5500","Thank you - Profile Image":"76302dcc-d01e-4cf6-922c-bf2ed1ade490","Thank you - Sub Header":"73be233b-a0d2-425b-a5f4-ffaf69f99f0f","Thank you - Form Container":"d4d0a64f-585a-4dc7-87ab-7768312740bf","Thank you - Timeline Container":"ec7bf88a-ef2e-45c5-bd11-22c3e71a6c40","Thank you - Timeline Gallery":"ac0af712-139d-4066-9be3-325ea0099cc2","Thank you - Step Title":"4d802cd6-33b0-4a74-9b02-67846283efb8","Thank you - Step Image":"55e4d430-b95c-455e-aa24-b67a8b6b297f","Thank you - Step Description":"04db8d04-ffed-4eb7-90e0-4856be701d16","galleryTemplate1_5":"2878e13e-0575-4db5-9854-afc382c0f55e","Thank you - Timeline":"912018af-dcfd-4ab7-869b-668964e0c00f","Thank you - Fields Container":"d75f4d3b-4af4-4110-b15d-e2c7999f141a","Thank you - Title":"8a216786-7acb-428b-a003-d568fe417343","Thank you - Question Label":"0fc786bf-6ed2-4a19-8550-ab08e264fd1d","Thank you - No Button":"6446f4d2-f8ab-4d22-adea-f96d2026617f","Thank you - Yes Button":"9dd43461-9296-4bc4-9805-6397dab0c334","Thank you - Created by":"040f2c1a-c224-4512-946a-1b4c6aa2745c","Teams":"8ba1cfd1-17ba-43aa-adf0-f12645687e36"}