{"schemaVersion":"1.0","appDefinitionTemplate":{"id":"/providers/Microsoft.PowerApps/apps/","type":"Microsoft.PowerApps/apps","tags":{"primaryDeviceWidth":"1366","primaryDeviceHeight":"768","supportsPortrait":"true","supportsLandscape":"true","primaryFormFactor":"Tablet","showStatusBar":"false","publisherVersion":"3.25064.3","minimumRequiredApiVersion":"2.2.0","hasComponent":"true","hasUnlockedComponent":"true","isUnifiedRootApp":"false","sienaVersion":"20250702T062559Z-3.25064.3.0"},"properties":{"appVersion":"2025-07-02T06:25:59Z","lifeCycleId":"Published","createdByClientVersion":{"major":3,"minor":25064,"build":3,"revision":0,"majorRevision":0,"minorRevision":0},"minClientVersion":{"major":3,"minor":25064,"build":3,"revision":0,"majorRevision":0,"minorRevision":0},"backgroundColor":"rgba(204, 228, 246, 1)","backgroundImageUri":"/337662460301502855/N133b5e5f-e67f-4bd9-9082-16b65406ba2f-logoSmallFile","displayName":"HelpDesk-2021","description":"App HelpDesk 2021\nMade in Colombia\nPower By Neiy Darry","commitMessage":"","appUris":{"documentUri":{"value":"/337662460301502855/N8a4dd0c4-b2ce-4f2e-a52c-400724715b4e-document.msapp"},"imageUris":[],"additionalUris":[{"isSolutionAware":false,"value":"/337662460301502855/Ne19b10c0-ce9b-4efd-9e9f-0a6e24484a5a-identity.json"}]},"createdTime":"0001-01-01T00:00:00Z","lastModifiedTime":"0001-01-01T00:00:00Z","sharedGroupsCount":0,"sharedUsersCount":0,"connectionReferences":{},"databaseReferences":{},"almMode":"Environment","performanceOptimizationEnabled":true,"canConsumeAppPass":true,"enableModernRuntimeMode":false,"executionRestrictions":{"isTeamsOnly":false,"dataLossPreventionEvaluationResult":{"status":"Compliant","lastEvaluationDate":"2025-07-02T06:26:07.7888057Z","violations":[],"violationsByPolicy":[],"violationErrorMessage":"The app uses the following connectors: ."}}},"isAppComponentLibrary":false,"appType":"ClassicCanvasApp","appComponents":[]}}